product_code,name,price,original_price,stock,category,description
OMS-001,Áo Thun Premium Cotton Trắng,249000,299000,100,áo thun nam,Áo thun cotton 100% Mỹ, định lượng 220gsm, bo cổ rib
OMS-002,Áo Thun Premium Cotton Đen,249000,299000,80,áo thun nam,Áo thun cotton 100% Mỹ, định lượng 220gsm, bo cổ rib
OMS-003,Áo Thun Premium Cotton Navy,249000,299000,70,áo thun nam,Áo thun cotton 100% Mỹ, định lượng 220gsm, bo cổ rib
OMS-004,Quần Jogger Streetwear Đen,450000,0,60,quần nam,Túi hộp 2 bên, khóa kéo chống trộm túi sau
OMS-005,Quần Jogger Streetwear Xám,450000,0,50,quần nam,Túi hộp 2 bên, khóa kéo chống trộm túi sau
OMS-006,Quần Jogger Streetwear Be,450000,0,40,quần nam,Túi hộp 2 bên, khóa kéo chống trộm túi sau
OMS-007,Giày Sneaker Classic White,690000,890000,30,giày nam,Đế cao su đúc nguyên khối, lót footbed khử mùi Charcoal
OMS-008,Kính Mát Phân Cực UV400,350000,0,25,kính,Chống UV 100%, chống chói, gọng Titanium 15g
OMS-009,Áo Sơ Mi Oxford Nam,399000,0,45,áo sơ mi nam,Chất vải Oxford, cổ đứng classic
OMS-010,Váy Maxi Hoa Nhí,550000,0,35,váy nữ,Váy maxi phong cách boho, hoa nhí pastel